[{"Date": "2023-12-24 03:22:26", "Link": "https://www.tiktokv.com/share/video/7315561816673750318/"}, {"Date": "2023-12-24 03:22:46", "Link": "https://www.tiktokv.com/share/video/7315096362536733995/"}, {"Date": "2023-12-24 03:22:53", "Link": "https://www.tiktokv.com/share/video/7312077336562814254/"}, {"Date": "2023-12-24 03:23:30", "Link": "https://www.tiktokv.com/share/video/7309270651833994538/"}, {"Date": "2023-12-24 03:24:00", "Link": "https://www.tiktokv.com/share/video/7307807689826929966/"}, {"Date": "2023-12-24 03:24:02", "Link": "https://www.tiktokv.com/share/video/7315791547805584670/"}, {"Date": "2023-12-24 03:24:04", "Link": "https://www.tiktokv.com/share/video/7314460767946837294/"}, {"Date": "2023-12-24 03:24:10", "Link": "https://www.tiktokv.com/share/video/7314550762682535176/"}, {"Date": "2023-12-24 03:24:12", "Link": "https://www.tiktokv.com/share/video/7303023221639515422/"}, {"Date": "2023-12-24 19:47:22", "Link": "https://www.tiktokv.com/share/video/7309171644809956650/"}, {"Date": "2023-12-24 19:47:30", "Link": "https://www.tiktokv.com/share/video/7293523985466215682/"}, {"Date": "2023-12-24 19:47:50", "Link": "https://www.tiktokv.com/share/video/7293152941744213250/"}, {"Date": "2023-12-24 19:47:51", "Link": "https://www.tiktokv.com/share/video/7296409394995006727/"}, {"Date": "2023-12-24 19:47:53", "Link": "https://www.tiktokv.com/share/video/7288685513618328833/"}, {"Date": "2023-12-24 19:47:57", "Link": "https://www.tiktokv.com/share/video/7297219416956210433/"}, {"Date": "2023-12-24 19:48:46", "Link": "https://www.tiktokv.com/share/video/7305986319686176001/"}, {"Date": "2023-12-24 19:54:12", "Link": "https://www.tiktokv.com/share/video/7291285396867075333/"}, {"Date": "2023-12-24 19:54:13", "Link": "https://www.tiktokv.com/share/video/7307950717652847918/"}, {"Date": "2023-12-24 19:54:37", "Link": "https://www.tiktokv.com/share/video/7291992083273944326/"}, {"Date": "2023-12-24 19:54:39", "Link": "https://www.tiktokv.com/share/video/7294266159736835329/"}, {"Date": "2023-12-25 02:12:33", "Link": "https://www.tiktokv.com/share/video/7315823368660340001/"}, {"Date": "2023-12-25 02:12:36", "Link": "https://www.tiktokv.com/share/video/7293523985466215682/"}, {"Date": "2023-12-25 02:12:39", "Link": "https://www.tiktokv.com/share/video/7307950717652847918/"}, {"Date": "2023-12-25 02:12:40", "Link": "https://www.tiktokv.com/share/video/7297219416956210433/"}, {"Date": "2023-12-25 02:12:40", "Link": "https://www.tiktokv.com/share/video/7310493224521469192/"}, {"Date": "2023-12-25 02:12:41", "Link": "https://www.tiktokv.com/share/video/7288685513618328833/"}, {"Date": "2023-12-25 02:12:44", "Link": "https://www.tiktokv.com/share/video/7306140797143895298/"}, {"Date": "2023-12-25 02:12:47", "Link": "https://www.tiktokv.com/share/video/7296409394995006727/"}, {"Date": "2023-12-25 02:13:04", "Link": "https://www.tiktokv.com/share/video/7293122725919378694/"}, {"Date": "2023-12-25 02:13:09", "Link": "https://www.tiktokv.com/share/video/7290184257970932993/"}]